{
  "final_return_ma": 180.6999969482422,
  "strength": 158.83999633789062,
  "max_strength": 178.13999938964844,
  "final_strength": 178.13999938964844,
  "sample_efficiency": 2.855002458090894e-05,
  "training_efficiency": 0.0006373962387442589,
  "stability": 0.9092365950345993
}