{
  "final_return_ma": 174.60000610351562,
  "strength": 152.74000549316406,
  "max_strength": 178.13999938964844,
  "final_strength": 114.13999938964844,
  "sample_efficiency": 2.7761756427935325e-05,
  "training_efficiency": 0.0005482301930896938,
  "stability": 0.8790031597018242
}