{
  "final_return_ma": 165.5,
  "strength": 143.63999938964844,
  "max_strength": 178.13999938964844,
  "final_strength": 178.13999938964844,
  "sample_efficiency": 2.0824531020480208e-05,
  "training_efficiency": 0.00044631067430600524,
  "stability": 0.9491361081600189
}