{
  "final_return_ma": 167.89999389648438,
  "strength": 146.04000854492188,
  "max_strength": 178.13999938964844,
  "final_strength": 178.13999938964844,
  "sample_efficiency": 2.0904833945678547e-05,
  "training_efficiency": 0.0004000980406999588,
  "stability": 0.9227925688028336
}