{
  "final_return_ma": 188.75,
  "strength": 166.8900032043457,
  "max_strength": 178.13999938964844,
  "final_strength": 152.88999938964844,
  "sample_efficiency": 2.785362539725611e-05,
  "training_efficiency": 0.0005419834269559942,
  "stability": 0.9465188644826412,
  "consistency": 0.7303613197812784
}