{
  "final_return_ma": 200.0,
  "strength": 178.13999938964844,
  "max_strength": 178.13999938964844,
  "final_strength": 178.13999938964844,
  "sample_efficiency": 2.928968024207279e-05,
  "training_efficiency": 0.0006921809399500489,
  "stability": 1.0
}