{
  "final_return_ma": 193.5,
  "strength": 171.63999938964844,
  "max_strength": 178.13999938964844,
  "final_strength": 178.13999938964844,
  "sample_efficiency": 2.9452130547724664e-05,
  "training_efficiency": 0.0005385055555962026,
  "stability": 0.9577444642782211
}