{
  "final_return_ma": 12.300000190734863,
  "strength": -9.5600004196167,
  "max_strength": 8.139999389648438,
  "final_strength": -12.860000610351562,
  "sample_efficiency": 1.5113678273337428e-05,
  "training_efficiency": 3.289624510216527e-05,
  "stability": 0.6615905463695526
}