{
  "final_return_ma": 166.3000030517578,
  "strength": 144.44000244140625,
  "max_strength": 178.13999938964844,
  "final_strength": 160.13999938964844,
  "sample_efficiency": 2.9136072043911554e-05,
  "training_efficiency": 0.0006791558116674423,
  "stability": 0.8411536663770676
}