{
  "final_return_ma": 179.3499984741211,
  "strength": 157.4900016784668,
  "max_strength": 178.13999938964844,
  "final_strength": 173.63999938964844,
  "sample_efficiency": 2.8284041945880745e-05,
  "training_efficiency": 0.0006052755634300411,
  "stability": 0.9095039488747716,
  "consistency": 0.6736748000109444
}