{
  "final_return_ma": 180.97500228881836,
  "strength": 159.1150016784668,
  "max_strength": 178.13999938964844,
  "final_strength": 178.13999938964844,
  "sample_efficiency": 2.6659287868824322e-05,
  "training_efficiency": 0.0005584825266851112,
  "stability": 0.9304304560646415,
  "consistency": 0.6197577911453436
}