{
  "final_return_ma": 117.0,
  "strength": 95.13999938964844,
  "max_strength": 178.13999938964844,
  "final_strength": 60.13999938964844,
  "sample_efficiency": 2.1921134248259477e-05,
  "training_efficiency": 0.0002139583375537768,
  "stability": 0.7598904967308044
}