{
  "final_return_ma": 177.10000610351562,
  "strength": 155.24000549316406,
  "max_strength": 178.13999938964844,
  "final_strength": 178.13999938964844,
  "sample_efficiency": 2.5966228349716403e-05,
  "training_efficiency": 0.0004606295842677355,
  "stability": 0.9279612302780151
}