{
  "final_return_ma": 13.699999809265137,
  "strength": -8.160000801086426,
  "max_strength": 12.139999389648438,
  "final_strength": -13.860000610351562,
  "sample_efficiency": 1.7403253878001124e-05,
  "training_efficiency": 5.913737550145015e-05,
  "stability": 0.4390316605567932
}