{
  "final_return_ma": 29.0,
  "strength": 7.1399993896484375,
  "max_strength": 106.13999938964844,
  "final_strength": -11.860000610351562,
  "sample_efficiency": 4.521716618910432e-05,
  "training_efficiency": 0.0002505349402781576,
  "stability": -0.7415326833724976
}