{
  "final_return_ma": 13.0,
  "strength": -8.860000610351562,
  "max_strength": -1.8600006103515625,
  "final_strength": -11.860000610351562,
  "sample_efficiency": 2.9158001780160703e-05,
  "training_efficiency": 9.943581972038373e-05,
  "stability": 0.7002867162227631
}