{
  "final_return_ma": 17.0,
  "strength": -4.8600006103515625,
  "max_strength": 31.139999389648438,
  "final_strength": -12.610000610351562,
  "sample_efficiency": 2.6723025030150893e-05,
  "training_efficiency": 0.00011050109515053919,
  "stability": 0.26484405994415283,
  "consistency": 5.273090532330732
}