{
  "final_return_ma": 146.64999771118164,
  "strength": 124.79000473022461,
  "max_strength": 178.13999938964844,
  "final_strength": 127.38999938964844,
  "sample_efficiency": 2.0750011572090443e-05,
  "training_efficiency": 0.0002770465325738769,
  "stability": 0.8613619841635227,
  "consistency": 0.3951330540946866
}