{
  "final_return_ma": 180.39999389648438,
  "strength": 158.54000854492188,
  "max_strength": 178.13999938964844,
  "final_strength": 77.13999938964844,
  "sample_efficiency": 2.9277554858708754e-05,
  "training_efficiency": 0.0005293466383591294,
  "stability": 0.870048925280571
}