{
  "final_return_ma": 168.60000610351562,
  "strength": 146.74000549316406,
  "max_strength": 178.13999938964844,
  "final_strength": 178.13999938964844,
  "sample_efficiency": 2.257505911984481e-05,
  "training_efficiency": 0.0004015869926661253,
  "stability": 0.9301925152540207
}