{
  "final_return_ma": 172.6999969482422,
  "strength": 150.83999633789062,
  "max_strength": 178.13999938964844,
  "final_strength": 178.13999938964844,
  "sample_efficiency": 2.7814774512080476e-05,
  "training_efficiency": 0.0006042379536665976,
  "stability": 0.8496534526348114
}