{
  "final_return_ma": 182.87500381469727,
  "strength": 161.0150032043457,
  "max_strength": 178.13999938964844,
  "final_strength": 178.13999938964844,
  "sample_efficiency": 2.8222037144587375e-05,
  "training_efficiency": 0.0006454756075982004,
  "stability": 0.9268317371606827,
  "consistency": 0.6592088276056987
}