{
  "final_return_ma": 172.6999969482422,
  "strength": 150.83999633789062,
  "max_strength": 178.13999938964844,
  "final_strength": 105.13999938964844,
  "sample_efficiency": 2.64117588812951e-05,
  "training_efficiency": 0.0004275014507584274,
  "stability": 0.883841909468174
}