{
  "final_return_ma": 155.17499923706055,
  "strength": 133.31500053405762,
  "max_strength": 178.13999938964844,
  "final_strength": 112.38999938964844,
  "sample_efficiency": 2.4025912352954037e-05,
  "training_efficiency": 0.00042788680002558976,
  "stability": 0.8417021315544844,
  "consistency": 0.3809970364883234
}