{
  "final_return_ma": 142.5,
  "strength": 120.63999938964844,
  "max_strength": 178.13999938964844,
  "final_strength": 76.13999938964844,
  "sample_efficiency": 2.232535189250484e-05,
  "training_efficiency": 0.00048073535435833037,
  "stability": 0.7876594811677933
}