{
  "final_return_ma": 194.60000610351562,
  "strength": 172.74000549316406,
  "max_strength": 178.13999938964844,
  "final_strength": 178.13999938964844,
  "sample_efficiency": 2.917870915553067e-05,
  "training_efficiency": 0.0007351372623816133,
  "stability": 0.9651446491479874
}