{
  "final_return_ma": 166.10000610351562,
  "strength": 144.24000549316406,
  "max_strength": 178.13999938964844,
  "final_strength": 90.13999938964844,
  "sample_efficiency": 2.441010656184517e-05,
  "training_efficiency": 0.0004003362264484167,
  "stability": 0.8587549775838852
}