{
  "final_return_ma": 139.39999389648438,
  "strength": 117.54000091552734,
  "max_strength": 178.13999938964844,
  "final_strength": 178.13999938964844,
  "sample_efficiency": 2.295643207617104e-05,
  "training_efficiency": 0.0004029741685371846,
  "stability": 0.836552157998085
}