{
  "final_return_ma": 163.47500610351562,
  "strength": 141.61500549316406,
  "max_strength": 178.13999938964844,
  "final_strength": 177.63999938964844,
  "sample_efficiency": 2.208331670772168e-05,
  "training_efficiency": 0.0004266146497684531,
  "stability": 0.9416831762064248,
  "consistency": 0.45594939652710553
}