{
  "final_return_ma": 181.10000610351562,
  "strength": 159.24000549316406,
  "max_strength": 178.13999938964844,
  "final_strength": 178.13999938964844,
  "sample_efficiency": 2.339513594051823e-05,
  "training_efficiency": 0.0004079005739185959,
  "stability": 0.9582820683717728
}