{
  "final_return_ma": 192.60000610351562,
  "strength": 170.74000549316406,
  "max_strength": 178.13999938964844,
  "final_strength": 178.13999938964844,
  "sample_efficiency": 2.9114426070009358e-05,
  "training_efficiency": 0.0006301482790149748,
  "stability": 0.9516105838119984
}