{
  "final_return_ma": 169.0999984741211,
  "strength": 147.2400016784668,
  "max_strength": 178.13999938964844,
  "final_strength": 133.63999938964844,
  "sample_efficiency": 2.715571190492483e-05,
  "training_efficiency": 0.0005106605894980021,
  "stability": 0.8614716194570065,
  "consistency": 0.5101119632800832
}