{
  "final_return_ma": 170.39999389648438,
  "strength": 148.54000854492188,
  "max_strength": 178.13999938964844,
  "final_strength": 115.13999938964844,
  "sample_efficiency": 2.964134910143912e-05,
  "training_efficiency": 0.0005914574139751494,
  "stability": 0.824120968580246
}