{
  "final_return_ma": 154.89999389648438,
  "strength": 133.04000854492188,
  "max_strength": 178.13999938964844,
  "final_strength": 178.13999938964844,
  "sample_efficiency": 2.0463749024202116e-05,
  "training_efficiency": 0.00032879432546906173,
  "stability": 0.9236283451318741
}