{
  "final_return_ma": 173.5,
  "strength": 151.63999938964844,
  "max_strength": 178.13999938964844,
  "final_strength": 178.13999938964844,
  "sample_efficiency": 2.6527173758950084e-05,
  "training_efficiency": 0.0005772642325609922,
  "stability": 0.9073423743247986
}