{
  "final_return_ma": 193.10000610351562,
  "strength": 171.24000549316406,
  "max_strength": 178.13999938964844,
  "final_strength": 178.13999938964844,
  "sample_efficiency": 2.8883419872727245e-05,
  "training_efficiency": 0.0005532331997528672,
  "stability": 0.9713216796517372
}