{
  "final_return_ma": 163.1999969482422,
  "strength": 141.33999633789062,
  "max_strength": 178.13999938964844,
  "final_strength": 178.13999938964844,
  "sample_efficiency": 2.5495744921499863e-05,
  "training_efficiency": 0.0004183517303317785,
  "stability": 0.8639962375164032
}