{
  "final_return_ma": 144.10000610351562,
  "strength": 122.24000549316406,
  "max_strength": 178.13999938964844,
  "final_strength": 178.13999938964844,
  "sample_efficiency": 1.7535154256620444e-05,
  "training_efficiency": 0.0003473213000688702,
  "stability": 0.990423840470612
}