{
  "final_return_ma": 164.10000610351562,
  "strength": 142.24000549316406,
  "max_strength": 178.13999938964844,
  "final_strength": 176.13999938964844,
  "sample_efficiency": 2.2256825104705058e-05,
  "training_efficiency": 0.0004969207220710814,
  "stability": 0.9181551188230515
}