{
  "final_return_ma": 146.8000030517578,
  "strength": 124.94000244140625,
  "max_strength": 178.13999938964844,
  "final_strength": 93.13999938964844,
  "sample_efficiency": 1.9710329070221633e-05,
  "training_efficiency": 0.00016533542657271028,
  "stability": 0.8391365259885788
}