{
  "final_return_ma": 196.89999389648438,
  "strength": 175.04000854492188,
  "max_strength": 178.13999938964844,
  "final_strength": 178.13999938964844,
  "sample_efficiency": 2.89228973997524e-05,
  "training_efficiency": 0.0005272859707474709,
  "stability": 0.9802831597626209
}