{
  "final_return_ma": 168.1999969482422,
  "strength": 146.33999633789062,
  "max_strength": 178.13999938964844,
  "final_strength": 127.13999938964844,
  "sample_efficiency": 2.5723997168825008e-05,
  "training_efficiency": 0.0004846030205953866,
  "stability": 0.8787661120295525
}