{
  "final_return_ma": 188.5,
  "strength": 166.63999938964844,
  "max_strength": 178.13999938964844,
  "final_strength": 178.13999938964844,
  "sample_efficiency": 2.9750743124168366e-05,
  "training_efficiency": 0.0005925383302383125,
  "stability": 0.9596844650804996
}