{
  "final_return_ma": 184.60000610351562,
  "strength": 162.74000549316406,
  "max_strength": 178.13999938964844,
  "final_strength": 178.13999938964844,
  "sample_efficiency": 2.4211403797380626e-05,
  "training_efficiency": 0.0005804647807963192,
  "stability": 0.9758497439324856
}