{
  "final_return_ma": 163.8000030517578,
  "strength": 141.94000244140625,
  "max_strength": 178.13999938964844,
  "final_strength": 178.13999938964844,
  "sample_efficiency": 2.974729250126984e-05,
  "training_efficiency": 0.0006737620569765568,
  "stability": 0.8066480904817581
}